shop_id,item_cnt_day
2,81.0
3,33.0
4,39.0
5,45.0
6,150.0
7,63.0
10,30.0
12,216.0
14,51.0
15,93.0
16,66.0
18,96.0
19,60.0
21,180.0
22,141.0
24,69.0
25,312.0
26,111.0
27,180.0
28,246.0
29,72.0
31,402.0
34,18.0
35,84.0
37,63.0
38,66.0
39,54.0
41,30.0
42,249.0
44,51.0
45,96.0
46,99.0
47,78.0
48,63.0
49,33.0
50,69.0
51,24.0
52,72.0
53,78.0
54,195.0
55,180.0
56,75.0
57,324.0
58,168.0
59,111.0
